Number,Label,Brand,Title,price,Review_Number,href
1,Top Rated,,Hugger 52 in. LED Indoor Black Ceiling Fan with Light Kit,$49.98,10334,https://www.homedepot.com/p/Hugger-52-in-LED-Indoor-Black-Ceiling-Fan-with-Light-Kit-AL383LED-BK/301162049
2,Exclusive,,Bellina 42 in. Oil-Rubbed Bronze Ceiling Fan with Light Kit,$59.97,567,https://www.homedepot.com/p/Bellina-42-in-Oil-Rubbed-Bronze-Ceiling-Fan-with-Light-Kit-RH5H1-ORB/308062301
3,Top Rated,Hampton Bay,Mena 54 in. White Color Changing Integrated LED Indoor/Outdoor Matte Black Ceiling Fan with Light Kit and Remote Control,$159.00,611,https://www.homedepot.com/p/Hampton-Bay-Mena-54-in-White-Color-Changing-Integrated-LED-Indoor-Outdoor-Matte-Black-Ceiling-Fan-with-Light-Kit-and-Remote-Control-99919/321244251
4,Exclusive,Hunter,Oakhurst 52 in. LED Indoor Low Profile Brushed Nickel Ceiling Fan with Light Kit,$114.00,2512,https://www.homedepot.com/p/Hunter-Oakhurst-52-in-LED-Indoor-Low-Profile-Brushed-Nickel-Ceiling-Fan-with-Light-Kit-52125/300593307
5,Sponsored,MODERN HABITAT,WhisperBloom 52 in. Indoor Satin Brass Ceiling Fan with LED Light Bulbs and Remote Control,$149.00,36,https://www.homedepot.com/p/MODERN-HABITAT-WhisperBloom-52-in-Indoor-Satin-Brass-Ceiling-Fan-with-LED-Light-Bulbs-and-Remote-Control-CFL-1891-5252BA/328410409
6,,Bell + Howell,"15.7 in. Indoor White Ceiling Fan with Remote, LED Light, Socket",$49.97,483,https://www.homedepot.com/p/Bell-Howell-15-7-in-Indoor-White-Ceiling-Fan-with-Remote-LED-Light-Socket-8563ENCBQH/324835719
7,,,Littleton 42 in. LED Indoor White Ceiling Fan with Light Kit,$44.97,2025,https://www.homedepot.com/p/Littleton-42-in-LED-Indoor-White-Ceiling-Fan-with-Light-Kit-UB42S-WH-SH/301756341
8,Exclusive,,"Cassique 52 in, Integrated LED Indoor/Outdoor Matte Black Selectable CCT Ceiling Fan with Light, Remote Control",$199.00,15,https://www.homedepot.com/p/Cassique-52-in-Integrated-LED-Indoor-Outdoor-Matte-Black-Selectable-CCT-Ceiling-Fan-with-Light-Remote-Control-FR-CSQ52C5-MBBG/328205836
9,Sponsored,JONATHAN Y,Kristie 52 in. 3-Light Chrome Crystal/Metal Modern Glam Drum LED Indoor Ceiling Fan With Remote,$148.91,5,https://www.homedepot.com/p/JONATHAN-Y-Kristie-52-in-3-Light-Chrome-Crystal-Metal-Modern-Glam-Drum-LED-Indoor-Ceiling-Fan-With-Remote-JYL9709A/318691909
10,Best Seller,Home Decorators Collection,Merwry 52 in. Integrated LED Indoor Matte Black Ceiling Fan with Light Kit and Remote Control,$139.00,5689,https://www.homedepot.com/p/Home-Decorators-Collection-Merwry-52-in-Integrated-LED-Indoor-Matte-Black-Ceiling-Fan-with-Light-Kit-and-Remote-Control-SW1422MBK/301231214
11,,,Clarkston II 44 in. LED Indoor White Ceiling Fan with Light Kit,$76.97,2645,https://www.homedepot.com/p/Clarkston-II-44-in-LED-Indoor-White-Ceiling-Fan-with-Light-Kit-SW18030-WH/307738296
12,Sponsored,Designers Fountain,Cassini 52 in. Smart Indoor/Covered Outdoor Matte Black Modern Adjustable White and RGB Ceiling Fan Light with Remote,$199.00,36,https://www.homedepot.com/p/Designers-Fountain-Cassini-52-in-Smart-Indoor-Covered-Outdoor-Matte-Black-Modern-Adjustable-White-and-RGB-Ceiling-Fan-Light-with-Remote-FS-CSN52RGB-MB/328196694
13,Best Seller,Home Decorators Collection,Driskol 60 in. White Color Changing LED Matte Black Smart Ceiling Fan with Light Kit and Remote Powered by Hubspace,$199.00,128,https://www.homedepot.com/p/Home-Decorators-Collection-Driskol-60-in-White-Color-Changing-LED-Matte-Black-Smart-Ceiling-Fan-with-Light-Kit-and-Remote-Powered-by-Hubspace-56052/319830774
14,Exclusive,Home Decorators Collection,Kensgrove II 72 in. Smart Indoor/Outdoor Matte Black Ceiling Fan with Remote Included Powered by Hubspace,$299.00,244,https://www.homedepot.com/p/Home-Decorators-Collection-Kensgrove-II-72-in-Smart-Indoor-Outdoor-Matte-Black-Ceiling-Fan-with-Remote-Included-Powered-by-Hubspace-N608-MBK/322984459
15,Exclusive,Home Decorators Collection,Ashby Park 52 in. White Color Changing Integrated LED Brushed Nickel Ceiling Fan with Light Kit and Remote Control,$149.00,3487,https://www.homedepot.com/p/Home-Decorators-Collection-Ashby-Park-52-in-White-Color-Changing-Integrated-LED-Brushed-Nickel-Ceiling-Fan-with-Light-Kit-and-Remote-Control-59252/308039187
16,New,DREO,44 in. Indoor Silver Ceiling Fan with Lights and Remote,$149.99,1,https://www.homedepot.com/p/DREO-44-in-Indoor-Silver-Ceiling-Fan-with-Lights-and-Remote-DR-HCF003S/331104657
17,Exclusive,Hampton Bay,Fanelee 54 in. White Color Changing LED Brushed Nickel Smart Ceiling Fan with Light Kit and Remote Powered by Hubspace,$189.00,629,https://www.homedepot.com/p/Hampton-Bay-Fanelee-54-in-White-Color-Changing-LED-Brushed-Nickel-Smart-Ceiling-Fan-with-Light-Kit-and-Remote-Powered-by-Hubspace-52133/314459956
18,Exclusive,Hampton Bay,52 in. Corwin Indoor/Outdoor Matte Black LED Ceiling Fan with Light Kit,$99.00,165,https://www.homedepot.com/p/Hampton-Bay-52-in-Corwin-Indoor-Outdoor-Matte-Black-LED-Ceiling-Fan-with-Light-Kit-56051/319830773
19,,Home Decorators Collection,Celene II 62 in. Indoor/Outdoor Matte Black DC Motor Ceiling Fan with Adjustable White Integrated LED w/ Remote Included,$239.00,29,https://www.homedepot.com/p/Home-Decorators-Collection-Celene-II-62-in-Indoor-Outdoor-Matte-Black-DC-Motor-Ceiling-Fan-with-Adjustable-White-Integrated-LED-w-Remote-Included-YG908J-MBK/327551402
20,Exclusive,Home Decorators Collection,"Makenna 60 in. Indoor/Outdoor Matte Black Ceiling Fan with Integrated LED with Light Kit, DC Motor and Remote",$279.00,374,https://www.homedepot.com/p/Home-Decorators-Collection-Makenna-60-in-Indoor-Outdoor-Matte-Black-Ceiling-Fan-with-Integrated-LED-with-Light-Kit-DC-Motor-and-Remote-52106/314459955
21,Exclusive,Hampton Bay,Mena 44 in. LED Indoor/Outdoor Matte White Ceiling Fan with Light Kit and Reversible Blades Included,$99.00,374,https://www.homedepot.com/p/Hampton-Bay-Mena-44-in-LED-Indoor-Outdoor-Matte-White-Ceiling-Fan-with-Light-Kit-and-Reversible-Blades-Included-92405/322702218
22,Exclusive,Home Decorators Collection,Merwry 52 in. Integrated LED Indoor White Ceiling Fan with Light Kit and Remote Control,$114.00,5683,https://www.homedepot.com/p/Home-Decorators-Collection-Merwry-52-in-Integrated-LED-Indoor-White-Ceiling-Fan-with-Light-Kit-and-Remote-Control-SW1422WH/301231211
23,,Hunter,Dempsey 44 in. Low Profile LED Indoor Fresh White Ceiling Fan with Universal Remote,$149.99,2147,https://www.homedepot.com/p/Hunter-Dempsey-44-in-Low-Profile-LED-Indoor-Fresh-White-Ceiling-Fan-with-Universal-Remote-59244/300241335
24,Exclusive,Home Decorators Collection,Celene 62 in. LED Indoor/Outdoor Matte Black Ceiling Fan with Light and Remote Control with Color Changing Technology,$239.00,555,https://www.homedepot.com/p/Home-Decorators-Collection-Celene-62-in-LED-Indoor-Outdoor-Matte-Black-Ceiling-Fan-with-Light-and-Remote-Control-with-Color-Changing-Technology-YG908A-MBK/314459834
25,Exclusive,Home Decorators Collection,Britton 52 in. Integrated LED Indoor Matte White Ceiling Fan with Light Kit and Remote Control,$129.00,488,https://www.homedepot.com/p/Home-Decorators-Collection-Britton-52-in-Integrated-LED-Indoor-Matte-White-Ceiling-Fan-with-Light-Kit-and-Remote-Control-SW19110-MWH/314459875
26,Top Rated,Home Decorators Collection,Merwry 48 in. Integrated LED Indoor Matte Black Ceiling Fan with Light Kit and Remote Control,$95.20,4780,https://www.homedepot.com/p/Home-Decorators-Collection-Merwry-48-in-Integrated-LED-Indoor-Matte-Black-Ceiling-Fan-with-Light-Kit-and-Remote-Control-SW1422-48in-MBK/314459861
27,,Hampton Bay,"Rothley II 52 in. Indoor LED Bronze Ceiling Fan with Light Kit, Downrod, Reversible Motor and Reversible Blades",$82.97,1847,https://www.homedepot.com/p/Hampton-Bay-Rothley-II-52-in-Indoor-LED-Bronze-Ceiling-Fan-with-Light-Kit-Downrod-Reversible-Motor-and-Reversible-Blades-52051/311183306
28,,Hunter,Windsail 60 in. Integrated LED Indoor/Outdoor Matte Black Ceiling Fan with Remote Included,$279.00,29,https://www.homedepot.com/p/Hunter-Windsail-60-in-Integrated-LED-Indoor-Outdoor-Matte-Black-Ceiling-Fan-with-Remote-Included-52636/326944235
29,Exclusive,Hampton Bay,Averly 52 in. Indoor Matte Black Ceiling Fan with Adjustable White Integrated LED with Remote Control Included,$127.20,513,https://www.homedepot.com/p/Hampton-Bay-Averly-52-in-Indoor-Matte-Black-Ceiling-Fan-with-Adjustable-White-Integrated-LED-with-Remote-Control-Included-AK18B-MBK/312270317
30,Exclusive,Hampton Bay,"Rockport 52 in. Indoor LED Brushed Nickel Ceiling Fan with Light Kit, Downrod, Reversible Blades and Reversible Motor",$94.97,3308,https://www.homedepot.com/p/Hampton-Bay-Rockport-52-in-Indoor-LED-Brushed-Nickel-Ceiling-Fan-with-Light-Kit-Downrod-Reversible-Blades-and-Reversible-Motor-51750/301136112
31,,Hampton Bay,Glendale III 52 in. LED Indoor Brushed Nickel Ceiling Fan with Light and Pull Chains,$79.97,400,https://www.homedepot.com/p/Hampton-Bay-Glendale-III-52-in-LED-Indoor-Brushed-Nickel-Ceiling-Fan-with-Light-and-Pull-Chains-AK338-BN/320906014
32,Exclusive,Hampton Bay,Sidlow 52 in. Indoor LED Brushed Nickel Hugger Dry Rated Ceiling Fan with 5 QuickInstall Reversible Blades and Light Kit,$87.97,382,https://www.homedepot.com/p/Hampton-Bay-Sidlow-52-in-Indoor-LED-Brushed-Nickel-Hugger-Dry-Rated-Ceiling-Fan-with-5-QuickInstall-Reversible-Blades-and-Light-Kit-52151/314459957
33,Top Rated,Home Decorators Collection,Merwry 52 in. Intergrated LED Matte White Ceiling Fan With Light And Remote Control,$139.00,4780,https://www.homedepot.com/p/Home-Decorators-Collection-Merwry-52-in-Intergrated-LED-Matte-White-Ceiling-Fan-With-Light-And-Remote-Control-SW1422-MWH/324339720
34,Exclusive,Home Decorators Collection,"Palm Cove 52 in. Indoor/Outdoor LED Natural Iron Ceiling Fan with Light Kit, Downrod and Reversible Motor",$159.00,1578,https://www.homedepot.com/p/Home-Decorators-Collection-Palm-Cove-52-in-Indoor-Outdoor-LED-Natural-Iron-Ceiling-Fan-with-Light-Kit-Downrod-and-Reversible-Motor-51422/301161708
35,Exclusive,Hampton Bay,Hawkspur 52 in. Indoor/Outdoor Matte Black Low Profile Ceiling Fan with Adjustable White LED with Remote Included,$159.00,183,https://www.homedepot.com/p/Hampton-Bay-Hawkspur-52-in-Indoor-Outdoor-Matte-Black-Low-Profile-Ceiling-Fan-with-Adjustable-White-LED-with-Remote-Included-AK424-MBK/322921137
36,Exclusive,Hunter,Oakhurst 52 in. LED Indoor Low Profile New Bronze Ceiling Fan with Light Kit,$114.00,2512,https://www.homedepot.com/p/Hunter-Oakhurst-52-in-LED-Indoor-Low-Profile-New-Bronze-Ceiling-Fan-with-Light-Kit-52016/300593306
37,Top Rated,Home Decorators Collection,Mercer 52 in. LED Indoor Brushed Nickel Ceiling Fan with Light Kit and Remote Control,$149.00,2497,https://www.homedepot.com/p/Home-Decorators-Collection-Mercer-52-in-LED-Indoor-Brushed-Nickel-Ceiling-Fan-with-Light-Kit-and-Remote-Control-54725/300654436
38,Exclusive,Home Decorators Collection,Ashby Park 44 in. White Color Changing Integrated LED Brushed Nickel Ceiling Fan with Light Kit and 3 Reversible Blades,$124.00,1213,https://www.homedepot.com/p/Home-Decorators-Collection-Ashby-Park-44-in-White-Color-Changing-Integrated-LED-Brushed-Nickel-Ceiling-Fan-with-Light-Kit-and-3-Reversible-Blades-59244/308038103
39,Exclusive,Hunter,Channing 54 in. Hunter Express Indoor Noble Bronze Ceiling Fan with Remote and Light Kit Included,$169.00,2708,https://www.homedepot.com/p/Hunter-Channing-54-in-Hunter-Express-Indoor-Noble-Bronze-Ceiling-Fan-with-Remote-and-Light-Kit-Included-53366/304357284
40,Exclusive,Hampton Bay,Madison 52 in. Indoor Brushed Nickel Ceiling Fan with Adjustable White Integrated LED with Remote Included,$164.00,541,https://www.homedepot.com/p/Hampton-Bay-Madison-52-in-Indoor-Brushed-Nickel-Ceiling-Fan-with-Adjustable-White-Integrated-LED-with-Remote-Included-AK30A-BN/312406541
41,,Oaks Aura,20in. LED Indoor Black Bladeless Low Profile Ceiling Fan Flush Mount Smart App Remote Control Dimmable Lighting,$92.04,114,https://www.homedepot.com/p/Oaks-Aura-20in-LED-Indoor-Black-Bladeless-Low-Profile-Ceiling-Fan-Flush-Mount-Smart-App-Remote-Control-Dimmable-Lighting-DC2002/324024365
42,Exclusive,Hampton Bay,"Southwind II 52 in. Indoor LED Brushed Nickel Ceiling Fan with Light Kit, Reversible Blades and Remote Control",$114.00,1081,https://www.homedepot.com/p/Hampton-Bay-Southwind-II-52-in-Indoor-LED-Brushed-Nickel-Ceiling-Fan-with-Light-Kit-Reversible-Blades-and-Remote-Control-50279/312094756
43,Exclusive,Home Decorators Collection,Merwry 52 in. Integrated LED Indoor Brushed Nickel Ceiling Fan with Light Kit and Remote Control,$139.00,5690,https://www.homedepot.com/p/Home-Decorators-Collection-Merwry-52-in-Integrated-LED-Indoor-Brushed-Nickel-Ceiling-Fan-with-Light-Kit-and-Remote-Control-SW1422BN/301231210
44,Exclusive,Home Decorators Collection,Levanto 52 in. LED Indoor/Outdoor Matte Black Ceiling Fan with Light,$159.00,313,https://www.homedepot.com/p/Home-Decorators-Collection-Levanto-52-in-LED-Indoor-Outdoor-Matte-Black-Ceiling-Fan-with-Light-34603/314460002
45,Top Rated,Hampton Bay,Caprice 52 in. Integrated LED Indoor Matte White Ceiling Fan with Light Kit and Remote Control,$125.00,419,https://www.homedepot.com/p/Hampton-Bay-Caprice-52-in-Integrated-LED-Indoor-Matte-White-Ceiling-Fan-with-Light-Kit-and-Remote-Control-SW19151R-MWH/314459864
46,,Home Decorators Collection,Ellard 52 in. LED Indoor Matte Black Ceiling Fan with Light,$149.00,966,https://www.homedepot.com/p/Home-Decorators-Collection-Ellard-52-in-LED-Indoor-Matte-Black-Ceiling-Fan-with-Light-YG629A-MBK/306747888
47,Exclusive,Home Decorators Collection,Heritage Point 25 in. Indoor/Outdoor Matte Black Fandelier Ceiling Fan with Adjustable White LED with Remote Included,$209.00,383,https://www.homedepot.com/p/Home-Decorators-Collection-Heritage-Point-25-in-Indoor-Outdoor-Matte-Black-Fandelier-Ceiling-Fan-with-Adjustable-White-LED-with-Remote-Included-AM909A-MBK/322246411
48,Exclusive,Hampton Bay,Zandra 52 in. White Changing Integrated LED Brushed Nickel Smart Hubspace Ceiling Fan with Light Kit and Remote Included,$209.00,128,https://www.homedepot.com/p/Hampton-Bay-Zandra-52-in-White-Changing-Integrated-LED-Brushed-Nickel-Smart-Hubspace-Ceiling-Fan-with-Light-Kit-and-Remote-Included-92380/322700728
49,Exclusive,Hampton Bay,"Rockport II 52 in. Indoor Matte Black LED Ceiling Fan with Light kit, Downrod and Reversible Blades Included",$94.97,113,https://www.homedepot.com/p/Hampton-Bay-Rockport-II-52-in-Indoor-Matte-Black-LED-Ceiling-Fan-with-Light-kit-Downrod-and-Reversible-Blades-Included-92365/322983527
50,Exclusive,Hampton Bay,Zandra II 52 in. Smart Indoor/Outdoor Matte Black Ceiling Fan with Light Kit and Remote Included powered by Hubspace,$199.99,6,https://www.homedepot.com/p/Hampton-Bay-Zandra-II-52-in-Smart-Indoor-Outdoor-Matte-Black-Ceiling-Fan-with-Light-Kit-and-Remote-Included-powered-by-Hubspace-92482/328301421
51,Top Rated,Hampton Bay,Roanoke 48 in. Indoor/Outdoor Wet Rated Natural Iron Ceiling Fan with LED Bulbs Included,$95.20,3097,https://www.homedepot.com/p/Hampton-Bay-Roanoke-48-in-Indoor-Outdoor-Wet-Rated-Natural-Iron-Ceiling-Fan-with-LED-Bulbs-Included-YG216-NI/302620508
52,,,Brookhurst 52 in. LED Indoor White Ceiling Fan with Light Kit,$89.97,1794,https://www.homedepot.com/p/Brookhurst-52-in-LED-Indoor-White-Ceiling-Fan-with-Light-Kit-YG268-WH/300937523
53,Exclusive,Home Decorators Collection,"Windward IV 52 in. Indoor LED Matte White Ceiling Fan with Dimmable Light Kit, Remote Control and Reversible Motor",$169.00,2369,https://www.homedepot.com/p/Home-Decorators-Collection-Windward-IV-52-in-Indoor-LED-Matte-White-Ceiling-Fan-with-Dimmable-Light-Kit-Remote-Control-and-Reversible-Motor-26662/301163151
54,Exclusive,Hampton Bay,Scenic 52 in. Integrated LED Indoor Brushed Nickel Hugger Ceiling Fan with Reversible Motor & Reversible Blades Included,$119.00,153,https://www.homedepot.com/p/Hampton-Bay-Scenic-52-in-Integrated-LED-Indoor-Brushed-Nickel-Hugger-Ceiling-Fan-with-Reversible-Motor-Reversible-Blades-Included-92302/322699756
55,Sponsored,Sofucor,52 in. Changing Integrated LED Indoor/Outdoor Black Ceiling Fan with Light Kit and Remote Control,$182.64,3,https://www.homedepot.com/p/Sofucor-52-in-Changing-Integrated-LED-Indoor-Outdoor-Black-Ceiling-Fan-with-Light-Kit-and-Remote-Control-KYL52144BKHTM/323430627
56,Sponsored,JONATHAN Y,Ali 48 in. Oil Rubbed Bronze 3-Light Wrought Iron LED Ceiling Fan with Light and Remote,$240.79,50,https://www.homedepot.com/p/JONATHAN-Y-Ali-48-in-Oil-Rubbed-Bronze-3-Light-Wrought-Iron-LED-Ceiling-Fan-with-Light-and-Remote-JYL9704A/311305844
57,Sponsored,YUHAO,Farmhouse 56 in. Integrated LED Indoor Brown Wood Ceiling Fan Light Kit with Remote Control and DC Motor,$179.94,1,https://www.homedepot.com/p/YUHAO-Farmhouse-56-in-Integrated-LED-Indoor-Brown-Wood-Ceiling-Fan-Light-Kit-with-Remote-Control-and-DC-Motor-DDC1125BKM562/326090848
58,Exclusive,KICHLER,Grace 52 in. Indoor Satin Black Downrod Mount Ceiling Fan with Integrated LED with Remote Control,$256.77,14,https://www.homedepot.com/p/KICHLER-Grace-52-in-Indoor-Satin-Black-Downrod-Mount-Ceiling-Fan-with-Integrated-LED-with-Remote-Control-300316SBK/315715891
59,Exclusive,Hampton Bay,"Cedar Lake 44 in. Indoor/Outdoor LED Matte Black Damp Rated Ceiling Fan with Light Kit, Downrod and 4 Reversible Blades",$99.00,232,https://www.homedepot.com/p/Hampton-Bay-Cedar-Lake-44-in-Indoor-Outdoor-LED-Matte-Black-Damp-Rated-Ceiling-Fan-with-Light-Kit-Downrod-and-4-Reversible-Blades-52109/314459847
60,,Hunter,Antero 52 in. Hunter Express Indoor Matte Silver Ceiling Fan with Light Kit Included,$149.00,198,https://www.homedepot.com/p/Hunter-Antero-52-in-Hunter-Express-Indoor-Matte-Silver-Ceiling-Fan-with-Light-Kit-Included-52128/323008031
61,Top Rated,Hunter,Cavera II 52 in. Indoor Matte Nickel Wifi-Enabled Smart Ceiling Fan with Light Kit & Remote,$171.75,995,https://www.homedepot.com/p/Hunter-Cavera-II-52-in-Indoor-Matte-Nickel-Wifi-Enabled-Smart-Ceiling-Fan-with-Light-Kit-Remote-50478/311956696
62,Exclusive,Hunter,Oakhurst 52 in. LED Indoor Low Profile Brushed Nickel Ceiling Fan with Light Kit,$114.00,2512,https://www.homedepot.com/p/Hunter-Oakhurst-52-in-LED-Indoor-Low-Profile-Brushed-Nickel-Ceiling-Fan-with-Light-Kit-52125/300593307
63,Sponsored,MODERN HABITAT,WhisperBloom 52 in. Indoor Satin Brass Ceiling Fan with LED Light Bulbs and Remote Control,$149.00,36,https://www.homedepot.com/p/MODERN-HABITAT-WhisperBloom-52-in-Indoor-Satin-Brass-Ceiling-Fan-with-LED-Light-Bulbs-and-Remote-Control-CFL-1891-5252BA/328410409
64,Exclusive,Hampton Bay,"Hollis 52 in. Indoor LED Bronze Downrod Ceiling Fan with 5 QuickInstall Reversible Blades, Light Kit and Remote Control",$107.20,247,https://www.homedepot.com/p/Hampton-Bay-Hollis-52-in-Indoor-LED-Bronze-Downrod-Ceiling-Fan-with-5-QuickInstall-Reversible-Blades-Light-Kit-and-Remote-Control-52197/314459959
65,,Hampton Bay,Southbourne 60 in. LED Indoor Matte Black Ceiling Fan with Light and Remote Control Included,$167.20,35,https://www.homedepot.com/p/Hampton-Bay-Southbourne-60-in-LED-Indoor-Matte-Black-Ceiling-Fan-with-Light-and-Remote-Control-Included-AK374B-MBK/322920954
66,Sponsored,JONATHAN Y,Kristie 52 in. 3-Light Chrome Crystal/Metal Modern Glam Drum LED Indoor Ceiling Fan With Remote,$148.91,5,https://www.homedepot.com/p/JONATHAN-Y-Kristie-52-in-3-Light-Chrome-Crystal-Metal-Modern-Glam-Drum-LED-Indoor-Ceiling-Fan-With-Remote-JYL9709A/318691909
67,Sponsored,Honeywell,Lynton 52 in. Indoor/Outdoor Color Changing LED Matte Black Ceiling Fan with Remote Control & High-Performance Blades,$229.99,30,https://www.homedepot.com/p/Honeywell-Lynton-52-in-Indoor-Outdoor-Color-Changing-LED-Matte-Black-Ceiling-Fan-with-Remote-Control-High-Performance-Blades-51854-07/329464574
68,Exclusive,Hampton Bay,"Riley 44 in. Indoor LED Brushed Nickel Ceiling Fan with Light Kit, 5 QuickInstall Reversible Blades and Remote Control",$89.00,414,https://www.homedepot.com/p/Hampton-Bay-Riley-44-in-Indoor-LED-Brushed-Nickel-Ceiling-Fan-with-Light-Kit-5-QuickInstall-Reversible-Blades-and-Remote-Control-52144/314459952
69,,Hunter,Channing 52 in. Hunter Express Indoor Matte Silver Ceiling Fan with Light Kit Included,$159.00,171,https://www.homedepot.com/p/Hunter-Channing-52-in-Hunter-Express-Indoor-Matte-Silver-Ceiling-Fan-with-Light-Kit-Included-52168/323008024
70,Sponsored,Designers Fountain,Cassini 52 in. Smart Indoor/Covered Outdoor Matte Black Modern Adjustable White and RGB Ceiling Fan Light with Remote,$199.00,36,https://www.homedepot.com/p/Designers-Fountain-Cassini-52-in-Smart-Indoor-Covered-Outdoor-Matte-Black-Modern-Adjustable-White-and-RGB-Ceiling-Fan-Light-with-Remote-FS-CSN52RGB-MB/328196694
71,,Hunter,Invector 60 in. Indoor/Outdoor Matte Black Ceiling Fan with Light and Remote Control,$299.00,71,https://www.homedepot.com/p/Hunter-Invector-60-in-Indoor-Outdoor-Matte-Black-Ceiling-Fan-with-Light-and-Remote-Control-51407/316999729
72,Exclusive,Hampton Bay,Wellston II 44 in. Indoor LED Bronze Dry Rated Downrod Ceiling Fan with Light Kit and 5 Reversible Blades,$74.97,419,https://www.homedepot.com/p/Hampton-Bay-Wellston-II-44-in-Indoor-LED-Bronze-Dry-Rated-Downrod-Ceiling-Fan-with-Light-Kit-and-5-Reversible-Blades-52044/313076560
73,Top Rated,Home Decorators Collection,Merwry 48 in. Integrated LED Indoor White Ceiling Fan with Light Kit and Remote Control,$119.00,4780,https://www.homedepot.com/p/Home-Decorators-Collection-Merwry-48-in-Integrated-LED-Indoor-White-Ceiling-Fan-with-Light-Kit-and-Remote-Control-SW1422-48in-WH/306133909
74,New,DREO,44 in. Indoor Silver Ceiling Fan with Lights and Remote,$149.99,1,https://www.homedepot.com/p/DREO-44-in-Indoor-Silver-Ceiling-Fan-with-Lights-and-Remote-DR-HCF003S/331104657
75,Top Rated,Home Decorators Collection,Windara 22 in. LED Indoor/Covered Outdoor Brushed Nickel Ceiling Fan with Light Kit and Remote Control,$189.00,2611,https://www.homedepot.com/p/Home-Decorators-Collection-Windara-22-in-LED-Indoor-Covered-Outdoor-Brushed-Nickel-Ceiling-Fan-with-Light-Kit-and-Remote-Control-SFL-550L1/314253818
76,Exclusive,Hampton Bay,Conjure 52 in. Indoor Matte White Ceiling Fan with Adjustable White Integrated LED with Remote Included,$119.20,21,https://www.homedepot.com/p/Hampton-Bay-Conjure-52-in-Indoor-Matte-White-Ceiling-Fan-with-Adjustable-White-Integrated-LED-with-Remote-Included-AK408H-MWH/322920450
77,Exclusive,Hunter,Moxie 52 in. Integrated LED Indoor Matte Black Ceiling Fan with Light Kit and Remote Control,$262.69,203,https://www.homedepot.com/p/Hunter-Moxie-52-in-Integrated-LED-Indoor-Matte-Black-Ceiling-Fan-with-Light-Kit-and-Remote-Control-51402/315439039
78,,Hunter,Dempsey 52 in. Low Profile LED Indoor Fresh White Ceiling Fan with Universal Remote,$199.99,575,https://www.homedepot.com/p/Hunter-Dempsey-52-in-Low-Profile-LED-Indoor-Fresh-White-Ceiling-Fan-with-Universal-Remote-59242/300228856
79,,Big Ass Fans,Haiku 52 in. L Indoor Black Ceiling Fan with Integrated LED with Light Works with Alexa and Remote Control Included,$640.00,81,https://www.homedepot.com/p/Big-Ass-Fans-Haiku-52-in-L-Indoor-Black-Ceiling-Fan-with-Integrated-LED-with-Light-Works-with-Alexa-and-Remote-Control-Included-FR127C-U1H00-3L02-09258-258P610/206890749
80,,Hunter,Newsome 52 in. Indoor Brushed Nickel Bowl Light Kit Ceiling Fan,$199.99,128,https://www.homedepot.com/p/Hunter-Newsome-52-in-Indoor-Brushed-Nickel-Bowl-Light-Kit-Ceiling-Fan-53312/206941789
81,,MINKA-AIRE,Light Wave 52 in. Integrated LED Indoor Distressed Koa Ceiling Fan with Light with Remote Control,$359.95,313,https://www.homedepot.com/p/MINKA-AIRE-Light-Wave-52-in-Integrated-LED-Indoor-Distressed-Koa-Ceiling-Fan-with-Light-with-Remote-Control-F844-DK/205376744
82,Exclusive,Hampton Bay,"Carriage House 52 in. Indoor LED Polished Brass Ceiling Fan with Light Kit, Reversible Motor and Reversible Blades",$87.96,1944,https://www.homedepot.com/p/Hampton-Bay-Carriage-House-52-in-Indoor-LED-Polished-Brass-Ceiling-Fan-with-Light-Kit-Reversible-Motor-and-Reversible-Blades-46008/301505289
83,,Hunter,Antero 44 in. Hunter Express Indoor Matte Silver Ceiling Fan with Light Kit Included,$139.00,198,https://www.homedepot.com/p/Hunter-Antero-44-in-Hunter-Express-Indoor-Matte-Silver-Ceiling-Fan-with-Light-Kit-Included-52126/323008152
84,Exclusive,Home Decorators Collection,"Fawndale 46 in. Indoor Integrated LED Bronze Ceiling Fan with Light Kit, 5 Reversible Blades and Remote Control",$149.00,187,https://www.homedepot.com/p/Home-Decorators-Collection-Fawndale-46-in-Indoor-Integrated-LED-Bronze-Ceiling-Fan-with-Light-Kit-5-Reversible-Blades-and-Remote-Control-52021/314459860
85,Exclusive,Hampton Bay,Melrose 52 in. Indoor LED Hugger Bronze Dry Rated Ceiling Fan with Light Kit and 5 Reversible Blades,$79.97,180,https://www.homedepot.com/p/Hampton-Bay-Melrose-52-in-Indoor-LED-Hugger-Bronze-Dry-Rated-Ceiling-Fan-with-Light-Kit-and-5-Reversible-Blades-52101/314459854
86,Exclusive,Hunter,Ristrello 44 in. LED Low Profile Indoor Fresh White Ceiling Fan with Light Kit,$99.00,457,https://www.homedepot.com/p/Hunter-Ristrello-44-in-LED-Low-Profile-Indoor-Fresh-White-Ceiling-Fan-with-Light-Kit-50189/313171229
87,Exclusive,Hampton Bay,"Castlegate 44 in. Indoor Integrated LED Matte Black Ceiling Fan with 3 Reversible Blades, Light Kit and Remote Control",$114.00,110,https://www.homedepot.com/p/Hampton-Bay-Castlegate-44-in-Indoor-Integrated-LED-Matte-Black-Ceiling-Fan-with-3-Reversible-Blades-Light-Kit-and-Remote-Control-52192/314459962
88,,Home Decorators Collection,Ester 54 in. White Color Changing Integrated LED Indoor/Outdoor Matte Black Ceiling Fan with Light Kit and Remote,$139.00,204,https://www.homedepot.com/p/Home-Decorators-Collection-Ester-54-in-White-Color-Changing-Integrated-LED-Indoor-Outdoor-Matte-Black-Ceiling-Fan-with-Light-Kit-and-Remote-52159/314459960
89,,Hampton Bay,Ashby Park 52 in. White Color Changing Integrated LED Matte White Indoor Ceiling Fan with Light Kit and Remote Control,$164.00,160,https://www.homedepot.com/p/Hampton-Bay-Ashby-Park-52-in-White-Color-Changing-Integrated-LED-Matte-White-Indoor-Ceiling-Fan-with-Light-Kit-and-Remote-Control-59258/322702565
90,Exclusive,Home Decorators Collection,Daniel Island 52 in. White Color Changing Integrated LED Outdoor Matte Black Ceiling Fan with Light Kit and Remote,$179.00,112,https://www.homedepot.com/p/Home-Decorators-Collection-Daniel-Island-52-in-White-Color-Changing-Integrated-LED-Outdoor-Matte-Black-Ceiling-Fan-with-Light-Kit-and-Remote-52179/314459949
91,,Home Decorators Collection,Aldenshire 52 in. LED Indoor/Outdoor Natural Iron Ceiling Fan with Light Kit,$119.96,155,https://www.homedepot.com/p/Home-Decorators-Collection-Aldenshire-52-in-LED-Indoor-Outdoor-Natural-Iron-Ceiling-Fan-with-Light-Kit-YG726-NI/307266731
92,Exclusive,Hunter,Channing 52 in. LED Indoor Snow White Ceiling Fan with Light and Remote,$159.00,1599,https://www.homedepot.com/p/Hunter-Channing-52-in-LED-Indoor-Snow-White-Ceiling-Fan-with-Light-and-Remote-51338/314460006
93,Exclusive,Hampton Bay,"Devron II 52 in. Indoor Brushed Nickel LED Ceiling Fan with Light Kit, Downrod and Reversible Blades",$114.00,121,https://www.homedepot.com/p/Hampton-Bay-Devron-II-52-in-Indoor-Brushed-Nickel-LED-Ceiling-Fan-with-Light-Kit-Downrod-and-Reversible-Blades-57333/322983359
94,Exclusive,Hampton Bay,"North Pond 52 in. Indoor/Outdoor LED Matte White Ceiling Fan with Light Kit, Reversible Motor and Reversible Blades",$99.00,672,https://www.homedepot.com/p/Hampton-Bay-North-Pond-52-in-Indoor-Outdoor-LED-Matte-White-Ceiling-Fan-with-Light-Kit-Reversible-Motor-and-Reversible-Blades-59216/307638782
95,Exclusive,Hampton Bay,Claret 52 in. Indoor Oil Rubbed Bronze Ceiling Fan with Light Kit,$94.00,250,https://www.homedepot.com/p/Hampton-Bay-Claret-52-in-Indoor-Oil-Rubbed-Bronze-Ceiling-Fan-with-Light-Kit-SW20006-ORB/314460008
96,Exclusive,Hampton Bay,Stoneridge 52 in. Indoor/Outdoor LED Matte Black Hugger Ceiling Fan with Light Kit and 5 Reversible Blades Included,$99.99,2254,https://www.homedepot.com/p/Hampton-Bay-Stoneridge-52-in-Indoor-Outdoor-LED-Matte-Black-Hugger-Ceiling-Fan-with-Light-Kit-and-5-Reversible-Blades-Included-52974/322702553
97,,,20 in. Indoor Black Caged Enclosed Ceiling Fan with LED Light Modern Low Profile Ceiling Fan with Remote and APP Control,$133.44,40,https://www.homedepot.com/p/20-in-Indoor-Black-Caged-Enclosed-Ceiling-Fan-with-LED-Light-Modern-Low-Profile-Ceiling-Fan-with-Remote-and-APP-Control-HD-IL-02/326159662
98,Exclusive,Home Decorators Collection,Dialstone 23 in. Indoor/Outdoor Matte Black Fandelier Ceiling Fan with Adjustable White LED with Remote Included,$249.00,104,https://www.homedepot.com/p/Home-Decorators-Collection-Dialstone-23-in-Indoor-Outdoor-Matte-Black-Fandelier-Ceiling-Fan-with-Adjustable-White-LED-with-Remote-Included-AK480-MBK/322921134
99,Top Rated,,Hugger 44 in. LED Indoor Matte Black Ceiling Fan with Light Kit,$47.97,946,https://www.homedepot.com/p/Hugger-44-in-LED-Indoor-Matte-Black-Ceiling-Fan-with-Light-Kit-AL383CPQ-MBK/314459780
100,Exclusive,Home Decorators Collection,Beckford 52 in. Indoor Brushed Nickel Ceiling Fan with Adjustable White Integrated LED with Remote Control Included,$119.00,140,https://www.homedepot.com/p/Home-Decorators-Collection-Beckford-52-in-Indoor-Brushed-Nickel-Ceiling-Fan-with-Adjustable-White-Integrated-LED-with-Remote-Control-Included-YG630-BN/318749131
101,Exclusive,Home Decorators Collection,Intervale 56 in. Indoor/Outdoor Brushed Nickel Windmill Ceiling Fan with Adjustable White LED with Remote Included,$170.40,78,https://www.homedepot.com/p/Home-Decorators-Collection-Intervale-56-in-Indoor-Outdoor-Brushed-Nickel-Windmill-Ceiling-Fan-with-Adjustable-White-LED-with-Remote-Included-N609-BN/322920833
102,,Hampton Bay,Mena 54 in. White Color Changing LED Indoor/Outdoor Matte Black Hugger Ceiling Fan with Light and Remote,$159.00,60,https://www.homedepot.com/p/Hampton-Bay-Mena-54-in-White-Color-Changing-LED-Indoor-Outdoor-Matte-Black-Hugger-Ceiling-Fan-with-Light-and-Remote-92403/322702050
103,,Hunter,Byhalia 52 in. Indoor/Outdoor Noble Bronze Ceiling Fan with Light Kit and Remote Included,$199.00,38,https://www.homedepot.com/p/Hunter-Byhalia-52-in-Indoor-Outdoor-Noble-Bronze-Ceiling-Fan-with-Light-Kit-and-Remote-Included-52243/323008048
104,,Parrot Uncle,Howell 52 in. Indoor Downrod Mount Crystal Chrome Ceiling Fan Chandelier with Light Kit and Remote Control,$177.32,387,https://www.homedepot.com/p/Parrot-Uncle-Howell-52-in-Indoor-Downrod-Mount-Crystal-Chrome-Ceiling-Fan-Chandelier-with-Light-Kit-and-Remote-Control-F6215A110V/311971227
105,,Hunter,Millington 60 in. Indoor Matte Black Ceiling Fan with Light Kit and Remote,$209.00,90,https://www.homedepot.com/p/Hunter-Millington-60-in-Indoor-Matte-Black-Ceiling-Fan-with-Light-Kit-and-Remote-51667/318473002
106,Exclusive,Hampton Bay,"Southwind 52 in. Indoor LED Venetian Bronze Ceiling Fan with 5 Reversible Blades, Light Kit, Downrod and Remote Control",$109.00,2808,https://www.homedepot.com/p/Hampton-Bay-Southwind-52-in-Indoor-LED-Venetian-Bronze-Ceiling-Fan-with-5-Reversible-Blades-Light-Kit-Downrod-and-Remote-Control-52371/302082598
107,Exclusive,Home Decorators Collection,Sedgewood 60 in. White Color Changing Integrated LED Matte Black Ceiling Fan with Light Kit and Remote Control,$149.00,74,https://www.homedepot.com/p/Home-Decorators-Collection-Sedgewood-60-in-White-Color-Changing-Integrated-LED-Matte-Black-Ceiling-Fan-with-Light-Kit-and-Remote-Control-59960/310424741
108,Exclusive,Home Decorators Collection,Baxtan 56 in. Indoor Brushed Gold Ceiling Fan with Warm White Integrated LED with Remote Included,$135.20,281,https://www.homedepot.com/p/Home-Decorators-Collection-Baxtan-56-in-Indoor-Brushed-Gold-Ceiling-Fan-with-Warm-White-Integrated-LED-with-Remote-Included-AM731A-CB/319712909
109,,Home Decorators Collection,Baleto 23 in. 4 Dimmable LED Bulbs Indoor/Covered Outdoor Black Ceiling Fan with Remote Included,$99.00,1,https://www.homedepot.com/p/Home-Decorators-Collection-Baleto-23-in-4-Dimmable-LED-Bulbs-Indoor-Covered-Outdoor-Black-Ceiling-Fan-with-Remote-Included-SFL-550S/323003610
110,Exclusive,Hunter,Oakhurst 52 in. LED Indoor Low Profile Brushed Nickel Ceiling Fan with Light Kit,$114.00,2512,https://www.homedepot.com/p/Hunter-Oakhurst-52-in-LED-Indoor-Low-Profile-Brushed-Nickel-Ceiling-Fan-with-Light-Kit-52125/300593307
111,Sponsored,MODERN HABITAT,WhisperBloom 52 in. Indoor Satin Brass Ceiling Fan with LED Light Bulbs and Remote Control,$149.00,36,https://www.homedepot.com/p/MODERN-HABITAT-WhisperBloom-52-in-Indoor-Satin-Brass-Ceiling-Fan-with-LED-Light-Bulbs-and-Remote-Control-CFL-1891-5252BA/328410409
112,Exclusive,Home Decorators Collection,"Savannah 52 in. Indoor LED Matte Black Dry Rated Ceiling Fan with 4 Reversible Blades, Light Kit and Remote Control",$139.00,79,https://www.homedepot.com/p/Home-Decorators-Collection-Savannah-52-in-Indoor-LED-Matte-Black-Dry-Rated-Ceiling-Fan-with-4-Reversible-Blades-Light-Kit-and-Remote-Control-52029/314459953
113,Exclusive,Hunter,Channelside 52 in. LED Indoor/Outdoor Noble Bronze Ceiling Fan with Remote Control,$159.00,784,https://www.homedepot.com/p/Hunter-Channelside-52-in-LED-Indoor-Outdoor-Noble-Bronze-Ceiling-Fan-with-Remote-Control-59040/206775128
114,Exclusive,,"Cassique 52 in, Integrated LED Indoor/Outdoor Matte Black Selectable CCT Ceiling Fan with Light, Remote Control",$199.00,15,https://www.homedepot.com/p/Cassique-52-in-Integrated-LED-Indoor-Outdoor-Matte-Black-Selectable-CCT-Ceiling-Fan-with-Light-Remote-Control-FR-CSQ52C5-MBBG/328205836
115,Sponsored,JONATHAN Y,Kristie 52 in. 3-Light Chrome Crystal/Metal Modern Glam Drum LED Indoor Ceiling Fan With Remote,$148.91,5,https://www.homedepot.com/p/JONATHAN-Y-Kristie-52-in-3-Light-Chrome-Crystal-Metal-Modern-Glam-Drum-LED-Indoor-Ceiling-Fan-With-Remote-JYL9709A/318691909
116,Exclusive,Hampton Bay,Nevali 52 in. White Changing LED Indoor Smart Hubspace Ceiling Fan with Light and Remote Control Included,$179.00,44,https://www.homedepot.com/p/Hampton-Bay-Nevali-52-in-White-Changing-LED-Indoor-Smart-Hubspace-Ceiling-Fan-with-Light-and-Remote-Control-Included-92394/322700723
117,Exclusive,Hampton Bay,Montgomery II 44 in. Indoor Brushed Nickel Ceiling Fan with Light Kit,$69.97,184,https://www.homedepot.com/p/Hampton-Bay-Montgomery-II-44-in-Indoor-Brushed-Nickel-Ceiling-Fan-with-Light-Kit-RDB9144-BN/314460013
118,Sponsored,Honeywell,Lynton 52 in. Indoor/Outdoor Color Changing LED Matte Black Ceiling Fan with Remote Control & High-Performance Blades,$229.99,30,https://www.homedepot.com/p/Honeywell-Lynton-52-in-Indoor-Outdoor-Color-Changing-LED-Matte-Black-Ceiling-Fan-with-Remote-Control-High-Performance-Blades-51854-07/329464574
119,,,20 in. LED Indoor White Ceiling Fan with Dimmable Lighting Low Profile Flush Mount Ceiling Fan with Remote,$93.11,101,https://www.homedepot.com/p/20-in-LED-Indoor-White-Ceiling-Fan-with-Dimmable-Lighting-Low-Profile-Flush-Mount-Ceiling-Fan-with-Remote-HD-FSD-32/322897617
120,,Home Decorators Collection,"Windward 68 in. White Color Changing Integrated LED Matte Black Ceiling Fan with Light Kit, DC Motor and Remote",$229.00,372,https://www.homedepot.com/p/Home-Decorators-Collection-Windward-68-in-White-Color-Changing-Integrated-LED-Matte-Black-Ceiling-Fan-with-Light-Kit-DC-Motor-and-Remote-68004/311317779
121,Exclusive,Home Decorators Collection,Brette III 23 in. Integrated LED Indoor/Outdoor Brushed Nickel Ceiling Fan with Light and Remote Control,$269.00,62,https://www.homedepot.com/p/Home-Decorators-Collection-Brette-III-23-in-Integrated-LED-Indoor-Outdoor-Brushed-Nickel-Ceiling-Fan-with-Light-and-Remote-Control-AM382D-BN/320552622
122,Sponsored,Designers Fountain,Cassini 52 in. Smart Indoor/Covered Outdoor Matte Black Modern Adjustable White and RGB Ceiling Fan Light with Remote,$199.00,36,https://www.homedepot.com/p/Designers-Fountain-Cassini-52-in-Smart-Indoor-Covered-Outdoor-Matte-Black-Modern-Adjustable-White-and-RGB-Ceiling-Fan-Light-with-Remote-FS-CSN52RGB-MB/328196694
123,,Hampton Bay,Hawkins III 44 in. LED Indoor Brushed Nickel Flush Mount Ceiling Fan with Light,$84.97,149,https://www.homedepot.com/p/Hampton-Bay-Hawkins-III-44-in-LED-Indoor-Brushed-Nickel-Flush-Mount-Ceiling-Fan-with-Light-YG204D-BN/318749133
124,Exclusive,Hampton Bay,Marlston 36 in. Indoor/Outdoor Matte White with White Blades Ceiling Fan with Adjustable White LED with Remote Included,$155.00,108,https://www.homedepot.com/p/Hampton-Bay-Marlston-36-in-Indoor-Outdoor-Matte-White-with-White-Blades-Ceiling-Fan-with-Adjustable-White-LED-with-Remote-Included-N375A-MWH/322920945
125,,Sofucor,"52 in. LED Indoor/Outdoor Flush Mount Matte Black Ceiling Fan with Wood Blades, 6-Speed DC Remote Control",$190.95,50,https://www.homedepot.com/p/Sofucor-52-in-LED-Indoor-Outdoor-Flush-Mount-Matte-Black-Ceiling-Fan-with-Wood-Blades-6-Speed-DC-Remote-Control-ZSKBKN220209010/320382903
126,,Home Decorators Collection,Marlon 66 in. Smart Indoor Natural Iron Ceiling Fan with Adjustable White LED with Remote Included Powered by Hubspace,$207.20,170,https://www.homedepot.com/p/Home-Decorators-Collection-Marlon-66-in-Smart-Indoor-Natural-Iron-Ceiling-Fan-with-Adjustable-White-LED-with-Remote-Included-Powered-by-Hubspace-YG825B-NI/324432258
127,,,Middleton 42 in. LED Indoor Brushed Nickel Ceiling Fan with Light Kit,$54.97,859,https://www.homedepot.com/p/Middleton-42-in-LED-Indoor-Brushed-Nickel-Ceiling-Fan-with-Light-Kit-UE42V-NI-SHB/301756392
128,Exclusive,Home Decorators Collection,Makenna 52 in. White Color Changing Integrated Indoor LED Matte Black Smart Hubspace Ceiling Fan with Light and Remote,$199.00,4,https://www.homedepot.com/p/Home-Decorators-Collection-Makenna-52-in-White-Color-Changing-Integrated-Indoor-LED-Matte-Black-Smart-Hubspace-Ceiling-Fan-with-Light-and-Remote-56235/321770262
129,,Breezary,Jemore 52 in. Indoor Flush Mounted Black Crystal Ceiling Fan with Light Kit and Remote Control Included,$149.00,23,https://www.homedepot.com/p/Breezary-Jemore-52-in-Indoor-Flush-Mounted-Black-Crystal-Ceiling-Fan-with-Light-Kit-and-Remote-Control-Included-BZ24001-ORB-A1/325203807
130,,Hunter,Apache Wifi Enabled Apple HomeKit/Google Home/Alexa 54 in. Indoor Noble Bronze Ceiling Fan with Light Kit and Remote,$189.00,76,https://www.homedepot.com/p/Hunter-Apache-Wifi-Enabled-Apple-HomeKit-Google-Home-Alexa-54-in-Indoor-Noble-Bronze-Ceiling-Fan-with-Light-Kit-and-Remote-59226/300353996
131,,Hunter,Aerodyne 52 in. Indoor Matte Black Smart Ceiling Fan with Light Kit and Remote Control,$169.99,320,https://www.homedepot.com/p/Hunter-Aerodyne-52-in-Indoor-Matte-Black-Smart-Ceiling-Fan-with-Light-Kit-and-Remote-Control-51314/316524231
132,Exclusive,Hampton Bay,Halwin 52 in. Indoor/Outdoor Matte Black Low Profile Ceiling Fan with Adjustable White LED with Remote Included,$139.00,67,https://www.homedepot.com/p/Hampton-Bay-Halwin-52-in-Indoor-Outdoor-Matte-Black-Low-Profile-Ceiling-Fan-with-Adjustable-White-LED-with-Remote-Included-AK396H-MBK/322920432
133,Exclusive,Home Decorators Collection,Windward 44 in. LED Brushed Nickel Ceiling Fan with Light Kit,$129.00,1263,https://www.homedepot.com/p/Home-Decorators-Collection-Windward-44-in-LED-Brushed-Nickel-Ceiling-Fan-with-Light-Kit-51565/301161770
134,Exclusive,Home Decorators Collection,Casun 52 in. LED Indoor Aged Iron Ceiling Fan with Remote Control and Light Kit,$129.00,208,https://www.homedepot.com/p/Home-Decorators-Collection-Casun-52-in-LED-Indoor-Aged-Iron-Ceiling-Fan-with-Remote-Control-and-Light-Kit-11252AIWNCN/314467711
135,,MINKA-AIRE,Light Wave 44 in. LED Indoor Distressed Koa Ceiling Fan with Light and Remote Control,$269.95,76,https://www.homedepot.com/p/MINKA-AIRE-Light-Wave-44-in-LED-Indoor-Distressed-Koa-Ceiling-Fan-with-Light-and-Remote-Control-F845-DK/316889938
136,,Hunter,Dempsey 44 in. Indoor Matte Black Ceiling Fan with Remote Control and Light Kit Included,$149.99,42,https://www.homedepot.com/p/Hunter-Dempsey-44-in-Indoor-Matte-Black-Ceiling-Fan-with-Remote-Control-and-Light-Kit-Included-52390/324685097
137,Exclusive,Home Decorators Collection,"Shanahan 52 in. Indoor/Outdoor LED Bronze Ceiling Fan with Light Kit, Downrod and Reversible Blades",$139.00,569,https://www.homedepot.com/p/Home-Decorators-Collection-Shanahan-52-in-Indoor-Outdoor-LED-Bronze-Ceiling-Fan-with-Light-Kit-Downrod-and-Reversible-Blades-59201/307638776
138,,Hampton Bay,Glendale 42 in. LED Indoor White Ceiling Fan with Light Kit,$69.97,3316,https://www.homedepot.com/p/Hampton-Bay-Glendale-42-in-LED-Indoor-White-Ceiling-Fan-with-Light-Kit-AM212-WH/300937520
139,,Hunter,Overton 72 in. Indoor/Outdoor Matte Black Ceiling Fan with Wall Control Included,$348.96,24,https://www.homedepot.com/p/Hunter-Overton-72-in-Indoor-Outdoor-Matte-Black-Ceiling-Fan-with-Wall-Control-Included-52618/326593667
140,Exclusive,Home Decorators Collection,Greenhaven 60 in. White Color Changing LED Brushed Nickel Smart Ceiling Fan with Light and Remote Powered by Hubspace,$168.79,25,https://www.homedepot.com/p/Home-Decorators-Collection-Greenhaven-60-in-White-Color-Changing-LED-Brushed-Nickel-Smart-Ceiling-Fan-with-Light-and-Remote-Powered-by-Hubspace-56006/320816362
141,Exclusive,Hampton Bay,Pavilion 56 in. Indoor Brushed Gold Ceiling Fan with Adjustable White Integrated LED with Remote Included,$109.00,7,https://www.homedepot.com/p/Hampton-Bay-Pavilion-56-in-Indoor-Brushed-Gold-Ceiling-Fan-with-Adjustable-White-Integrated-LED-with-Remote-Included-AK438-CB/322921132
142,,Hunter,Alvarado 52 in. Indoor Brushed Nickel Ceiling Fan with Light Kit,$149.00,49,https://www.homedepot.com/p/Hunter-Alvarado-52-in-Indoor-Brushed-Nickel-Ceiling-Fan-with-Light-Kit-51762/320051781
143,,Big Ass Fans,"Haiku L - Smart Indoor Ceiling Fan, 52"" Diameter, Caramel/White, Integrated LED (2700K), Universal Mount with 5"" Downrod",$629.19,105,https://www.homedepot.com/p/Big-Ass-Fans-Haiku-L-Smart-Indoor-Ceiling-Fan-52-Diameter-Caramel-White-Integrated-LED-2700K-Universal-Mount-with-5-Downrod-FR127C-U1H00-3L02-09259-533P610/305758762
144,Exclusive,Home Decorators Collection,"Copley 52 in. Indoor/Outdoor LED Oil Rubbed Bronze Ceiling Fan with Light Kit, Downrod, Remote and Reversible Blades",$127.20,227,https://www.homedepot.com/p/Home-Decorators-Collection-Copley-52-in-Indoor-Outdoor-LED-Oil-Rubbed-Bronze-Ceiling-Fan-with-Light-Kit-Downrod-Remote-and-Reversible-Blades-51504/206648583
145,,Hampton Bay,Montabel 22 in. Indoor Matte Black and Natural Ceiling Fan with Remote Control,$99.00,10,https://www.homedepot.com/p/Hampton-Bay-Montabel-22-in-Indoor-Matte-Black-and-Natural-Ceiling-Fan-with-Remote-Control-44855-017/324794306
146,Exclusive,Hampton Bay,Caltris 52 in. Integrated LED Indoor/Outdoor Matte Black Ceiling Fan with Light and Pull Chains Included,$149.00,27,https://www.homedepot.com/p/Hampton-Bay-Caltris-52-in-Integrated-LED-Indoor-Outdoor-Matte-Black-Ceiling-Fan-with-Light-and-Pull-Chains-Included-AK382HG-MBK/322921122
147,New,Honeywell,Kaliza 60 in. Indoor/Outdoor Black Modern Color Changing LED Ceiling Fan with Remote Control,$249.99,29,https://www.homedepot.com/p/Honeywell-Kaliza-60-in-Indoor-Outdoor-Black-Modern-Color-Changing-LED-Ceiling-Fan-with-Remote-Control-51907-07/330428498
148,,,"Lidia 19.68 in Indoor Modern White Crystal Flush Mount Ceiling Fan with Light, White LED Ceiling Fan for Bedroom",$109.99,27,https://www.homedepot.com/p/Lidia-19-68-in-Indoor-Modern-White-Crystal-Flush-Mount-Ceiling-Fan-with-Light-White-LED-Ceiling-Fan-for-Bedroom-CA000110202/325858811
149,,Hunter,Minimus 44 in. Low Profile Integrated LED Indoor Fresh White Ceiling Fan with Light Kit and Remote,$279.99,243,https://www.homedepot.com/p/Hunter-Minimus-44-in-Low-Profile-Integrated-LED-Indoor-Fresh-White-Ceiling-Fan-with-Light-Kit-and-Remote-59452/309415718
150,Exclusive,Home Decorators Collection,Marlon 52 in. Integrated LED Indoor Natural Iron Ceiling Fan with Brazilian Walnut Blades and Remote Control,$239.00,170,https://www.homedepot.com/p/Home-Decorators-Collection-Marlon-52-in-Integrated-LED-Indoor-Natural-Iron-Ceiling-Fan-with-Brazilian-Walnut-Blades-and-Remote-Control-YG825A-NI/322983866
151,Top Rated,Hunter,Agnew 52 in. LED Indoor Brushed Nickel Ceiling Fan with Light and Remote,$159.00,112,https://www.homedepot.com/p/Hunter-Agnew-52-in-LED-Indoor-Brushed-Nickel-Ceiling-Fan-with-Light-and-Remote-51214/314966519
152,,CARRO,"Aspen 52 in. Dimmable LED Indoor/Outdoor Black Smart Ceiling Fan with Light and Remote, Works with Alexa/Google Home",$169.99,3,https://www.homedepot.com/p/CARRO-Aspen-52-in-Dimmable-LED-Indoor-Outdoor-Black-Smart-Ceiling-Fan-with-Light-and-Remote-Works-with-Alexa-Google-Home-HS525J1-L11-B2-1-FM/322672159
153,Exclusive,Home Decorators Collection,Alisio 44 in. LED White Ceiling Fan with Light and Remote Control,$116.38,180,https://www.homedepot.com/p/Home-Decorators-Collection-Alisio-44-in-LED-White-Ceiling-Fan-with-Light-and-Remote-Control-YG768A-WH/308642365
154,,Big Ass Fans,"Haiku L - Smart Indoor Ceiling Fan, 44"" Diameter, White, Integrated LED (2700K), Universal Mount with 5"" Downrod",$560.00,49,https://www.homedepot.com/p/Big-Ass-Fans-Haiku-L-Smart-Indoor-Ceiling-Fan-44-Diameter-White-Integrated-LED-2700K-Universal-Mount-with-5-Downrod-FR112C-U1H00-3L02-09259-259P610/324648162
155,,MODERN HABITAT,AuraVista 52 in. Indoor Black Modern Medium Red Oak Ceiling Fan with LED Light Bulbs and Remote Control,$145.00,43,https://www.homedepot.com/p/MODERN-HABITAT-AuraVista-52-in-Indoor-Black-Modern-Medium-Red-Oak-Ceiling-Fan-with-LED-Light-Bulbs-and-Remote-Control-CFL-1891-5252RB/328430818
156,,,20 in. LED Indoor Black Low Profile Ceiling Fan with Dimmable Lighting Small Flush Mount Ceiling Fan with Remote,$133.99,23,https://www.homedepot.com/p/20-in-LED-Indoor-Black-Low-Profile-Ceiling-Fan-with-Dimmable-Lighting-Small-Flush-Mount-Ceiling-Fan-with-Remote-HD-IL-01/326092784
157,,Big Ass Fans,"Haiku L - 52 in. Dia, Smart Outdoor Black, Ceiling Fan, Integrated LED 2700K, Universal Mount with 5 in. Downrod",$720.00,,https://www.homedepot.com/p/Big-Ass-Fans-Haiku-L-52-in-Dia-Smart-Outdoor-Black-Ceiling-Fan-Integrated-LED-2700K-Universal-Mount-with-5-in-Downrod-FR127C-U1H00-3L07-09258-258P610/327900413
158,Exclusive,Hunter,Oakhurst 52 in. LED Indoor Low Profile Brushed Nickel Ceiling Fan with Light Kit,$114.00,2512,https://www.homedepot.com/p/Hunter-Oakhurst-52-in-LED-Indoor-Low-Profile-Brushed-Nickel-Ceiling-Fan-with-Light-Kit-52125/300593307
159,Sponsored,MODERN HABITAT,WhisperBloom 52 in. Indoor Satin Brass Ceiling Fan with LED Light Bulbs and Remote Control,$149.00,36,https://www.homedepot.com/p/MODERN-HABITAT-WhisperBloom-52-in-Indoor-Satin-Brass-Ceiling-Fan-with-LED-Light-Bulbs-and-Remote-Control-CFL-1891-5252BA/328410409
160,,Hunter,Newsome 52 in. Indoor Fresh White Ceiling Fan with Three Light Kit,$179.99,153,https://www.homedepot.com/p/Hunter-Newsome-52-in-Indoor-Fresh-White-Ceiling-Fan-with-Three-Light-Kit-53316/206941793
161,Exclusive,Hampton Bay,Palmaria 52 in. Indoor/Outdoor Matte White LED Ceiling Fan with Pull Chains and Light Kit Included,$120.00,25,https://www.homedepot.com/p/Hampton-Bay-Palmaria-52-in-Indoor-Outdoor-Matte-White-LED-Ceiling-Fan-with-Pull-Chains-and-Light-Kit-Included-92408/322701751
162,Sponsored,JONATHAN Y,Kristie 52 in. 3-Light Chrome Crystal/Metal Modern Glam Drum LED Indoor Ceiling Fan With Remote,$148.91,5,https://www.homedepot.com/p/JONATHAN-Y-Kristie-52-in-3-Light-Chrome-Crystal-Metal-Modern-Glam-Drum-LED-Indoor-Ceiling-Fan-With-Remote-JYL9709A/318691909
163,New,DREO,44 in. Indoor Silver Ceiling Fan with Lights and Remote,$149.99,1,https://www.homedepot.com/p/DREO-44-in-Indoor-Silver-Ceiling-Fan-with-Lights-and-Remote-DR-HCF003S/331104657
164,,Hampton Bay,Darya 25 in. Indoor/Outdoor Matte Black with Gray Wicker Ceiling Fan with Adjustable White LED with Remote Included,$99.00,17,https://www.homedepot.com/p/Hampton-Bay-Darya-25-in-Indoor-Outdoor-Matte-Black-with-Gray-Wicker-Ceiling-Fan-with-Adjustable-White-LED-with-Remote-Included-RD5106-MBK-GR/322920949
165,,matrix decor,52 in. Indoor Chrome Crystal Chandelier Ceiling Fan with Light and Remote Control,$169.65,310,https://www.homedepot.com/p/matrix-decor-52-in-Indoor-Chrome-Crystal-Chandelier-Ceiling-Fan-with-Light-and-Remote-Control-MD-F6217110V/315373050
166,Exclusive,,"Cassique 52 in. Integrated LED Indoor/Outdoor Matte White Selectable CCT Ceiling Fan with Light, Remote Control",$199.00,15,https://www.homedepot.com/p/Cassique-52-in-Integrated-LED-Indoor-Outdoor-Matte-White-Selectable-CCT-Ceiling-Fan-with-Light-Remote-Control-FR-CSQ52C5-MWBG/328205842
167,Top Rated,Hampton Bay,"Campbell 52 in. Indoor LED Mediterranean Bronze Ceiling Fan with Light Kit, Downrod, Reversible Blades and Remote",$115.00,1175,https://www.homedepot.com/p/Hampton-Bay-Campbell-52-in-Indoor-LED-Mediterranean-Bronze-Ceiling-Fan-with-Light-Kit-Downrod-Reversible-Blades-and-Remote-41350/302082747
168,Top Rated,KICHLER,Volos 48 in. Indoor Matte White Low Profile Ceiling Fan with Integrated LED with Wall Control Included,$279.95,97,https://www.homedepot.com/p/KICHLER-Volos-48-in-Indoor-Matte-White-Low-Profile-Ceiling-Fan-with-Integrated-LED-with-Wall-Control-Included-300032MWH/313725557
169,Exclusive,Hampton Bay,Nassau 52 in. Indoor/Outdoor LED Gilded Iron Wet Rated Ceiling Fan with Light Kit and 5 Weather Resistant Blades,$169.00,842,https://www.homedepot.com/p/Hampton-Bay-Nassau-52-in-Indoor-Outdoor-LED-Gilded-Iron-Wet-Rated-Ceiling-Fan-with-Light-Kit-and-5-Weather-Resistant-Blades-58020/302011534
170,Sponsored,Sofucor,52 in. Changing Integrated LED Indoor/Outdoor Black Ceiling Fan with Light Kit and Remote Control,$182.64,3,https://www.homedepot.com/p/Sofucor-52-in-Changing-Integrated-LED-Indoor-Outdoor-Black-Ceiling-Fan-with-Light-Kit-and-Remote-Control-KYL52144BKHTM/323430627
171,Exclusive,Hunter,Whittington 60 in. LED Indoor Noble Bronze Ceiling Fan with Light and Remote,$239.20,146,https://www.homedepot.com/p/Hunter-Whittington-60-in-LED-Indoor-Noble-Bronze-Ceiling-Fan-with-Light-and-Remote-51182/314966115
172,,Sofucor,52 in. LED Indoor/Outdoor Dimmable Matte Black Solid Wood Blade Ceiling Fan with 6-Speed Remote,$163.67,12,https://www.homedepot.com/p/Sofucor-52-in-LED-Indoor-Outdoor-Dimmable-Matte-Black-Solid-Wood-Blade-Ceiling-Fan-with-6-Speed-Remote-ZSKBKN220208002/320199546
173,Exclusive,Home Decorators Collection,Triplex 60 in. LED Brushed Bronze Ceiling Fan with Light,$209.00,365,https://www.homedepot.com/p/Home-Decorators-Collection-Triplex-60-in-LED-Brushed-Bronze-Ceiling-Fan-with-Light-YG749-BRB/307266742
174,,Hunter,Belvedere 52 in. Indoor/Outdoor Matte Black Ceiling Fan with Light Kit Included,$149.00,21,https://www.homedepot.com/p/Hunter-Belvedere-52-in-Indoor-Outdoor-Matte-Black-Ceiling-Fan-with-Light-Kit-Included-52241/323008038
175,,,"Farmhouse 52 in. Integrated LED Indoor Matte Black Ceiling Fan with Remote Control, DC Motor and 3 Solid Wood Blades",$197.12,6,https://www.homedepot.com/p/Farmhouse-52-in-Integrated-LED-Indoor-Matte-Black-Ceiling-Fan-with-Remote-Control-DC-Motor-and-3-Solid-Wood-Blades-52DC1110BKM/327401926
176,Exclusive,Hampton Bay,Tyra 52 in. Smart Indoor Brushed Nickel Ceiling Fan with Adjustable White LED with Remote Included Powered by Hubspace,$189.00,11,https://www.homedepot.com/p/Hampton-Bay-Tyra-52-in-Smart-Indoor-Brushed-Nickel-Ceiling-Fan-with-Adjustable-White-LED-with-Remote-Included-Powered-by-Hubspace-AK404-BN/322983250
177,,CARRO,"Essex 52 in. Dimmable LED Indoor/Outdoor Black Smart Ceiling Fan with Light and Remote, Works w/Alexa/Google Home",$149.99,15,https://www.homedepot.com/p/CARRO-Essex-52-in-Dimmable-LED-Indoor-Outdoor-Black-Smart-Ceiling-Fan-with-Light-and-Remote-Works-w-Alexa-Google-Home-HS525J-L12-BO-1/319979324
178,Exclusive,Home Decorators Collection,"Hexton 52 in. Indoor Integrated LED Brushed Gold Ceiling Fan with Light Kit, Remote Control and 6 Reversible Blades",$135.20,151,https://www.homedepot.com/p/Home-Decorators-Collection-Hexton-52-in-Indoor-Integrated-LED-Brushed-Gold-Ceiling-Fan-with-Light-Kit-Remote-Control-and-6-Reversible-Blades-56024/301160196
179,Exclusive,Hunter,Oakhurst II 52 in. Low Profile LED Indoor Fresh White Ceiling Fan with Light Kit,$119.00,343,https://www.homedepot.com/p/Hunter-Oakhurst-II-52-in-Low-Profile-LED-Indoor-Fresh-White-Ceiling-Fan-with-Light-Kit-52302/308027653
180,,Home Decorators Collection,Carley 52 in. Integrated LED Indoor White Smart Ceiling Fan with Remote Control and CCT Powered by Hubspace,$135.20,45,https://www.homedepot.com/p/Home-Decorators-Collection-Carley-52-in-Integrated-LED-Indoor-White-Smart-Ceiling-Fan-with-Remote-Control-and-CCT-Powered-by-Hubspace-CF2003-W/323177373
181,,Hunter,Promenade 54 in. LED Indoor Brittany Bronze Ceiling Fan with Light Kit and Remote,$347.73,110,https://www.homedepot.com/p/Hunter-Promenade-54-in-LED-Indoor-Brittany-Bronze-Ceiling-Fan-with-Light-Kit-and-Remote-59546/309430245
182,,Hunter,Dempsey 44 in. Low Profile LED Indoor Brushed Nickel Ceiling Fan with Light Kit and Universal Remote,$169.99,161,https://www.homedepot.com/p/Hunter-Dempsey-44-in-Low-Profile-LED-Indoor-Brushed-Nickel-Ceiling-Fan-with-Light-Kit-and-Universal-Remote-50282/303233355
183,,Hunter,Builder Plus 52 in. Indoor 3-Light Brushed Nickel Ceiling Fan,$149.99,228,https://www.homedepot.com/p/Hunter-Builder-Plus-52-in-Indoor-3-Light-Brushed-Nickel-Ceiling-Fan-53237/204468801
184,Exclusive,Home Decorators Collection,Arleigh 44 in. Indoor/Outdoor Wet Rated White Low Profile Ceiling Fan with Integrated LED Included,$107.18,197,https://www.homedepot.com/p/Home-Decorators-Collection-Arleigh-44-in-Indoor-Outdoor-Wet-Rated-White-Low-Profile-Ceiling-Fan-with-Integrated-LED-Included-AM589H-WH/308642364
185,,,Triplicity 30 in. Indoor LED Matte Black Ceiling Fan with Light,$59.97,400,https://www.homedepot.com/p/Triplicity-30-in-Indoor-LED-Matte-Black-Ceiling-Fan-with-Light-DB30TMB-LP/321505988
186,,Hunter,Antero 52 in. Hunter Express Indoor Fresh White Ceiling Fan with Light Kit Included,$149.00,198,https://www.homedepot.com/p/Hunter-Antero-52-in-Hunter-Express-Indoor-Fresh-White-Ceiling-Fan-with-Light-Kit-Included-52129/323008032
187,Exclusive,Hampton Bay,Norwood 52 in. Indoor/Outdoor LED Matte Black Damp Rated Downrod Ceiling Fan with Light Kit and 5 Reversible Blades,$139.00,79,https://www.homedepot.com/p/Hampton-Bay-Norwood-52-in-Indoor-Outdoor-LED-Matte-Black-Damp-Rated-Downrod-Ceiling-Fan-with-Light-Kit-and-5-Reversible-Blades-52129/314459948
188,Sponsored,,25 in. Black Farmhouse Ceiling Fan Caged Ceiling Fan Indoor with Lights and Remote Wood Grain Industrial Ceiling Fan,$169.12,7,https://www.homedepot.com/p/25-in-Black-Farmhouse-Ceiling-Fan-Caged-Ceiling-Fan-Indoor-with-Lights-and-Remote-Wood-Grain-Industrial-Ceiling-Fan-HD-123-001/327379280
189,,,22 in. LED Indoor White Crystal Ceiling Fan with Modern Light White Flush Mount Fan for Bedroom,$183.33,20,https://www.homedepot.com/p/22-in-LED-Indoor-White-Crystal-Ceiling-Fan-with-Modern-Light-White-Flush-Mount-Fan-for-Bedroom-CA00001103/325756631
190,Exclusive,Hampton Bay,Montgomery II 44 in. Indoor Oil Rubbed Bronze Ceiling Fan with Light Kit,$69.97,87,https://www.homedepot.com/p/Hampton-Bay-Montgomery-II-44-in-Indoor-Oil-Rubbed-Bronze-Ceiling-Fan-with-Light-Kit-RDB9144-ORB/314459853
191,Sponsored,TOZING,52 in. Smart Indoor Black Low Profile Standard Flush Mount Ceiling Fan Light with Bright White Integrated LED 5 Blades,$130.50,6,https://www.homedepot.com/p/TOZING-52-in-Smart-Indoor-Black-Low-Profile-Standard-Flush-Mount-Ceiling-Fan-Light-with-Bright-White-Integrated-LED-5-Blades-CFL-FS6989/329256843
192,,Sofucor,52 in. Integrated LED Indoor/Outdoor Black Ceiling Fan with Light Kit and Remote Control,$215.99,35,https://www.homedepot.com/p/Sofucor-52-in-Integrated-LED-Indoor-Outdoor-Black-Ceiling-Fan-with-Light-Kit-and-Remote-Control-KBS0852K012BK/322715131
193,New,Bell + Howell,"10.1 in. LED Color Changing Indoor White Ceiling Fan with Remote, Socket Air",$29.97,23,https://www.homedepot.com/p/Bell-Howell-10-1-in-LED-Color-Changing-Indoor-White-Ceiling-Fan-with-Remote-Socket-Air-2308QPH/327982897
194,,CARRO,"Essex 52 in. Integrated LED Indoor/Outdoor Black Smart Ceiling Fan with Light and Remote, Works w/Alexa/Google Home",$149.99,29,https://www.homedepot.com/p/CARRO-Essex-52-in-Integrated-LED-Indoor-Outdoor-Black-Smart-Ceiling-Fan-with-Light-and-Remote-Works-w-Alexa-Google-Home-S525J-L12-B5-1/318630516
195,,Hunter,Anslee 46 in. Indoor Low Profile Matte Silver Ceiling Fan with Light,$99.99,292,https://www.homedepot.com/p/Hunter-Anslee-46-in-Indoor-Low-Profile-Matte-Silver-Ceiling-Fan-with-Light-59270/300505199
196,,Breezary,Ableton Hugger 52 in. Black Indoor Ceiling Fan with Remote Control and Light Kit Included,$129.00,22,https://www.homedepot.com/p/Breezary-Ableton-Hugger-52-in-Black-Indoor-Ceiling-Fan-with-Remote-Control-and-Light-Kit-Included-24002-ORB/321802437
197,Exclusive,Home Decorators Collection,Benson 44 in. LED White Ceiling Fan with Light and Remote Control,$149.00,321,https://www.homedepot.com/p/Home-Decorators-Collection-Benson-44-in-LED-White-Ceiling-Fan-with-Light-and-Remote-Control-YG654-WH/305364105
198,,,20 in. LED Indoor White Bladeless App Control Low Profile Ceiling Fan with Light Semi Flush Mount Bedroom Lighting,$125.78,22,https://www.homedepot.com/p/20-in-LED-Indoor-White-Bladeless-App-Control-Low-Profile-Ceiling-Fan-with-Light-Semi-Flush-Mount-Bedroom-Lighting-HD-FSD-GSW/325626713
199,,Hampton Bay,Panache 52 in. LED Indoor Matte Black with Brass Accents Ceiling Fan with Uplight/Downlight and Remote Included,$99.00,2,https://www.homedepot.com/p/Hampton-Bay-Panache-52-in-LED-Indoor-Matte-Black-with-Brass-Accents-Ceiling-Fan-with-Uplight-Downlight-and-Remote-Included-92407/322702201
200,,Hampton Bay,Seaport II 52 in. Indoor/Outdoor Wet Rated Matte Black Ceiling Fan with LED Bulbs Included,$149.00,35,https://www.homedepot.com/p/Hampton-Bay-Seaport-II-52-in-Indoor-Outdoor-Wet-Rated-Matte-Black-Ceiling-Fan-with-LED-Bulbs-Included-YG991-MBK/320552625
201,,Big Ass Fans,"Haiku L - 52 in. Dia, Smart Outdoor White, Ceiling Fan, Integrated LED 2700K, Universal Mount with 5 in. Downrod",$660.23,,https://www.homedepot.com/p/Big-Ass-Fans-Haiku-L-52-in-Dia-Smart-Outdoor-White-Ceiling-Fan-Integrated-LED-2700K-Universal-Mount-with-5-in-Downrod-FR127C-U1H00-3L07-09259-259P610/327900425
202,,Hunter,Key Biscayne 54 in. Indoor/Outdoor Weathered Zinc Gray Ceiling Fan with Light Kit,$329.99,228,https://www.homedepot.com/p/Hunter-Key-Biscayne-54-in-Indoor-Outdoor-Weathered-Zinc-Gray-Ceiling-Fan-with-Light-Kit-59135/206279893
203,Sponsored,Progress Lighting,Ryne 52 in. Indoor/Outdoor Integrated LED Koa Woodgrain Contemporary Ceiling Fan with Remote for Living Room,$290.50,15,https://www.homedepot.com/p/Progress-Lighting-Ryne-52-in-Indoor-Outdoor-Integrated-LED-Koa-Woodgrain-Contemporary-Ceiling-Fan-with-Remote-for-Living-Room-P250060-179-30/315131116
204,Exclusive,Home Decorators Collection,Pendersen 42 in. Integrated LED Indoor/Outdoor Espresso Bronze Ceiling Fan with Light Kit and Remote Control,$273.99,316,https://www.homedepot.com/p/Home-Decorators-Collection-Pendersen-42-in-Integrated-LED-Indoor-Outdoor-Espresso-Bronze-Ceiling-Fan-with-Light-Kit-and-Remote-Control-AM348-EB/301162046
205,,,Hugger II 52 in. Indoor Brushed Nickel Low Profile Ceiling Fan with 2 LED Bulbs Included,$66.96,32,https://www.homedepot.com/p/Hugger-II-52-in-Indoor-Brushed-Nickel-Low-Profile-Ceiling-Fan-with-2-LED-Bulbs-Included-RD4130AH-BN/322920445
206,Exclusive,Hunter,Oakhurst 52 in. LED Indoor Low Profile Brushed Nickel Ceiling Fan with Light Kit,$114.00,2512,https://www.homedepot.com/p/Hunter-Oakhurst-52-in-LED-Indoor-Low-Profile-Brushed-Nickel-Ceiling-Fan-with-Light-Kit-52125/300593307
207,Sponsored,MODERN HABITAT,WhisperBloom 52 in. Indoor Satin Brass Ceiling Fan with LED Light Bulbs and Remote Control,$149.00,36,https://www.homedepot.com/p/MODERN-HABITAT-WhisperBloom-52-in-Indoor-Satin-Brass-Ceiling-Fan-with-LED-Light-Bulbs-and-Remote-Control-CFL-1891-5252BA/328410409
208,Exclusive,Hampton Bay,Menage 52 in. Integrated LED Indoor Low Profile Brushed Nickel Ceiling Fan with Light Kit,$87.20,1311,https://www.homedepot.com/p/Hampton-Bay-Menage-52-in-Integrated-LED-Indoor-Low-Profile-Brushed-Nickel-Ceiling-Fan-with-Light-Kit-14600/301876847
209,,Hunter,Bardot 52 in. Indoor Matte Black Ceiling Fan with Light Kit Included,$129.99,10,https://www.homedepot.com/p/Hunter-Bardot-52-in-Indoor-Matte-Black-Ceiling-Fan-with-Light-Kit-Included-52491/325197711
210,Sponsored,JONATHAN Y,Kristie 52 in. 3-Light Chrome Crystal/Metal Modern Glam Drum LED Indoor Ceiling Fan With Remote,$148.91,5,https://www.homedepot.com/p/JONATHAN-Y-Kristie-52-in-3-Light-Chrome-Crystal-Metal-Modern-Glam-Drum-LED-Indoor-Ceiling-Fan-With-Remote-JYL9709A/318691909
211,Sponsored,Designers Fountain,Cassini 52 in. Smart Indoor/Covered Outdoor Matte Black Modern Adjustable White and RGB Ceiling Fan Light with Remote,$199.00,36,https://www.homedepot.com/p/Designers-Fountain-Cassini-52-in-Smart-Indoor-Covered-Outdoor-Matte-Black-Modern-Adjustable-White-and-RGB-Ceiling-Fan-Light-with-Remote-FS-CSN52RGB-MB/328196694
212,,Hunter,Builder Low Profile 42 in. Indoor Snow White Ceiling Fan,$129.99,324,https://www.homedepot.com/p/Hunter-Builder-Low-Profile-42-in-Indoor-Snow-White-Ceiling-Fan-51090/207119809
213,Exclusive,Home Decorators Collection,Petersford 52 in. Integrated LED Indoor Brushed Nickel Ceiling Fan with Light Kit and Remote Control,$159.00,1519,https://www.homedepot.com/p/Home-Decorators-Collection-Petersford-52-in-Integrated-LED-Indoor-Brushed-Nickel-Ceiling-Fan-with-Light-Kit-and-Remote-Control-24425/301161479
214,Exclusive,,"Cassique 52 in. Integrated LED Indoor/Outdoor Matte White Selectable CCT Ceiling Fan with Light, Remote Control",$199.00,15,https://www.homedepot.com/p/Cassique-52-in-Integrated-LED-Indoor-Outdoor-Matte-White-Selectable-CCT-Ceiling-Fan-with-Light-Remote-Control-FR-CSQ52C5-MWBG/328205842
215,,Parrot Uncle,48 in. Wooden 5-Blade Flush Mount Matte Black Ceiling Fan with Remote Control and Light Kit,$115.43,56,https://www.homedepot.com/p/Parrot-Uncle-48-in-Wooden-5-Blade-Flush-Mount-Matte-Black-Ceiling-Fan-with-Remote-Control-and-Light-Kit-F6233110V/313776511
216,Sponsored,TOZING,19.6 in. Indoor Black 4-Light Wood Modern Industrial Metal Flush Mount Cage Ceiling Fan with Light Fixture with Remote,$133.00,11,https://www.homedepot.com/p/TOZING-19-6-in-Indoor-Black-4-Light-Wood-Modern-Industrial-Metal-Flush-Mount-Cage-Ceiling-Fan-with-Light-Fixture-with-Remote-CFCF820HW4T/328434144
217,,Home Decorators Collection,Emery 56 in. LED Glossy White Ceiling Fan with Remote Control,$207.00,105,https://www.homedepot.com/p/Home-Decorators-Collection-Emery-56-in-LED-Glossy-White-Ceiling-Fan-with-Remote-Control-AM641H-GLWH/305363991
218,New,DREO,44 in. Indoor Silver Ceiling Fan with Lights and Remote,$149.99,1,https://www.homedepot.com/p/DREO-44-in-Indoor-Silver-Ceiling-Fan-with-Lights-and-Remote-DR-HCF003S/331104657
219,Exclusive,Home Decorators Collection,Ryland 52 in. Smart Indoor/Outdoor Matte White Ceiling Fan with Adjustable White LED with Remote Powered by Hubspace,$159.00,35,https://www.homedepot.com/p/Home-Decorators-Collection-Ryland-52-in-Smart-Indoor-Outdoor-Matte-White-Ceiling-Fan-with-Adjustable-White-LED-with-Remote-Powered-by-Hubspace-AK433A-MWH/322984669
220,,Bell + Howell,Socket Fan 15.7 in. Indoor White Socket Ceiling Warm Light Fan with Remote,$49.99,107,https://www.homedepot.com/p/Bell-Howell-Socket-Fan-15-7-in-Indoor-White-Socket-Ceiling-Warm-Light-Fan-with-Remote-9965/325637731
221,,Hunter,Skyflow 52 in. Indoor/Outdoor Matte White Standard Ceiling Fan with Soft White Integrated LED and Remote Included,$249.99,5,https://www.homedepot.com/p/Hunter-Skyflow-52-in-Indoor-Outdoor-Matte-White-Standard-Ceiling-Fan-with-Soft-White-Integrated-LED-and-Remote-Included-52611/328904684
222,,Sofucor,52 in. Integrated LED Indoor/Outdoor Black Ceiling Fan with Light Kit and Remote Control,$191.07,25,https://www.homedepot.com/p/Sofucor-52-in-Integrated-LED-Indoor-Outdoor-Black-Ceiling-Fan-with-Light-Kit-and-Remote-Control-KYL5247BKHTM/323396293
223,,ANTOINE,17 in. Indoor Black Ceiling Fan Farmhouse Caged Ceiling Fan with Lights and Remote Enclosed Ceiling Fan,$164.99,38,https://www.homedepot.com/p/ANTOINE-17-in-Indoor-Black-Ceiling-Fan-Farmhouse-Caged-Ceiling-Fan-with-Lights-and-Remote-Enclosed-Ceiling-Fan-FS6643-4/318539622
224,Top Rated,Hunter,Reveille 60 in. LED Indoor Noble Bronze Ceiling Fan with Light and Remote,$159.99,427,https://www.homedepot.com/p/Hunter-Reveille-60-in-LED-Indoor-Noble-Bronze-Ceiling-Fan-with-Light-and-Remote-50580/311956695
225,,Hunter,Newbury 60 in. Indoor Onyx Bengal Ceiling Fan with Remote and Light Kit,$199.00,53,https://www.homedepot.com/p/Hunter-Newbury-60-in-Indoor-Onyx-Bengal-Ceiling-Fan-with-Remote-and-Light-Kit-51563/318472850
226,,Hunter,Hilmouth 52 in. Indoor Matte Silver Ceiling Fan with Light,$149.00,43,https://www.homedepot.com/p/Hunter-Hilmouth-52-in-Indoor-Matte-Silver-Ceiling-Fan-with-Light-51426/317255426
227,Sponsored,JONATHAN Y,Ali 48 in. Oil Rubbed Bronze 3-Light Wrought Iron LED Ceiling Fan with Light and Remote,$240.79,50,https://www.homedepot.com/p/JONATHAN-Y-Ali-48-in-Oil-Rubbed-Bronze-3-Light-Wrought-Iron-LED-Ceiling-Fan-with-Light-and-Remote-JYL9704A/311305844
228,,TOZING,19.6 in. Indoor Bronze Low Profile Fabric Farmhouse Caged Enclosed Flush Mount Ceiling Fan with Light Kit and Remote,$132.00,38,https://www.homedepot.com/p/TOZING-19-6-in-Indoor-Bronze-Low-Profile-Fabric-Farmhouse-Caged-Enclosed-Flush-Mount-Ceiling-Fan-with-Light-Kit-and-Remote-THICF6605MHKM-2209/326486788
229,Exclusive,Home Decorators Collection,Broughton 42 in. LED Espresso Bronze Ceiling Fan with Remote Control,$130.77,247,https://www.homedepot.com/p/Home-Decorators-Collection-Broughton-42-in-LED-Espresso-Bronze-Ceiling-Fan-with-Remote-Control-YG671-EB/305363988
230,,Hunter,Studio Series 52 in. Indoor Brushed Nickel Ceiling Fan with Light Kit,,557,https://www.homedepot.com/p/Hunter-Studio-Series-52-in-Indoor-Brushed-Nickel-Ceiling-Fan-with-Light-Kit-53064/204795494
231,,Hunter,Ocala 52 in. LED Indoor/Outdoor Noble Bronze Ceiling Fan with Light,$152.99,477,https://www.homedepot.com/p/Hunter-Ocala-52-in-LED-Indoor-Outdoor-Noble-Bronze-Ceiling-Fan-with-Light-59214/206857879
232,Exclusive,Hampton Bay,Bayla 52 in. Indoor Matte Black Windmill Ceiling Fan with Adjustable White Integrated LED with Remote Included,$143.20,26,https://www.homedepot.com/p/Hampton-Bay-Bayla-52-in-Indoor-Matte-Black-Windmill-Ceiling-Fan-with-Adjustable-White-Integrated-LED-with-Remote-Included-AK401A-MBK/322920829
233,,Hampton Bay,Wellton 60 in LED Espresso Bronze DC Motor Ceiling Fan with Light,$111.20,209,https://www.homedepot.com/p/Hampton-Bay-Wellton-60-in-LED-Espresso-Bronze-DC-Motor-Ceiling-Fan-with-Light-AM588A-EB/307266741
234,,,Hugger 56 in. LED Espresso Bronze Ceiling Fan,$74.97,553,https://www.homedepot.com/p/Hugger-56-in-LED-Espresso-Bronze-Ceiling-Fan-AL383D-EB/304542818
235,Exclusive,Home Decorators Collection,Hansfield 56 in. Indoor/Outdoor Wet Rated White Ceiling Fan with Integrated LED and Remote Control Included,$175.20,223,https://www.homedepot.com/p/Home-Decorators-Collection-Hansfield-56-in-Indoor-Outdoor-Wet-Rated-White-Ceiling-Fan-with-Integrated-LED-and-Remote-Control-Included-YG656-WH/305363960
236,Sponsored,IHOMEadore,52 in. LED Indoor Natural Brass Ceiling Fan with Remote Control,$229.32,4,https://www.homedepot.com/p/IHOMEadore-52-in-LED-Indoor-Natural-Brass-Ceiling-Fan-with-Remote-Control-BBCPS1268A4-NBR/321329410
237,Exclusive,Hampton Bay,Stoneridge 52 in. LED Indoor/Outdoor Bronze Hugger Ceiling Fan with Light Kit,$87.20,,https://www.homedepot.com/p/Hampton-Bay-Stoneridge-52-in-LED-Indoor-Outdoor-Bronze-Hugger-Ceiling-Fan-with-Light-Kit-51904/308693493
238,,Hunter,Beckworth 60 in. Indoor Brushed Nickel Ceiling Fan with Light Kit,$199.00,24,https://www.homedepot.com/p/Hunter-Beckworth-60-in-Indoor-Brushed-Nickel-Ceiling-Fan-with-Light-Kit-51763/320051782
239,,Hunter,Dempsey 52 in. LED Indoor/Outdoor Fresh White Ceiling Fan with Light Kit and Remote,$250.90,153,https://www.homedepot.com/p/Hunter-Dempsey-52-in-LED-Indoor-Outdoor-Fresh-White-Ceiling-Fan-with-Light-Kit-and-Remote-59252/300091803
240,Exclusive,Home Decorators Collection,Stonemill 36 in. LED Outdoor Matte Black Ceiling Fan with Light,$215.20,144,https://www.homedepot.com/p/Home-Decorators-Collection-Stonemill-36-in-LED-Outdoor-Matte-Black-Ceiling-Fan-with-Light-AM689-MBK/306898112
241,,,20 in. 4-Light Indoor Farmhouse Black Caged Ceiling Fan with Light Wood Grain Enclosed Ceiling Fan with Remote,$189.99,23,https://www.homedepot.com/p/20-in-4-Light-Indoor-Farmhouse-Black-Caged-Ceiling-Fan-with-Light-Wood-Grain-Enclosed-Ceiling-Fan-with-Remote-HD-FSD-16/321786355
242,,River of Goods,Gracie Grand 52 in. Silver with Clear Crystal LED Ceiling Fan With Light,$199.95,209,https://www.homedepot.com/p/River-of-Goods-Gracie-Grand-52-in-Silver-with-Clear-Crystal-LED-Ceiling-Fan-With-Light-20076/312329826
243,,Home Decorators Collection,Blakeridge 60 in. White Color Changing Integrated LED Bronze Indoor/Outdoor Ceiling Fan with Light Kit and Remote,$199.00,107,https://www.homedepot.com/p/Home-Decorators-Collection-Blakeridge-60-in-White-Color-Changing-Integrated-LED-Bronze-Indoor-Outdoor-Ceiling-Fan-with-Light-Kit-and-Remote-59260/311324034
244,,Hunter,Tarrant 52 in. Outdoor Fresh White Ceiling Fan with Light Kit and Remote,$179.10,34,https://www.homedepot.com/p/Hunter-Tarrant-52-in-Outdoor-Fresh-White-Ceiling-Fan-with-Light-Kit-and-Remote-51532/317377371
245,,Progress Lighting,Vernal 60 in. Smart Indoor/Outdoor Integrated LED Koa Woodgrain Contemporary Ceiling Fan with Remote for Living Room,$440.30,21,https://www.homedepot.com/p/Progress-Lighting-Vernal-60-in-Smart-Indoor-Outdoor-Integrated-LED-Koa-Woodgrain-Contemporary-Ceiling-Fan-with-Remote-for-Living-Room-P250059-179-30/315131119
246,,,20 in. LED Indoor White Low Profile Ceiling Fan with Dimmable Lighting Small Flush Mount Ceiling Fan with Remote,$109.99,9,https://www.homedepot.com/p/20-in-LED-Indoor-White-Low-Profile-Ceiling-Fan-with-Dimmable-Lighting-Small-Flush-Mount-Ceiling-Fan-with-Remote-HD-IL-03/326889523
247,,CARRO,"Essex 60 in. Dimmable LED Indoor/Outdoor Black Smart Ceiling Fan with Light and Remote, Works with Alexa/Google Home",$209.99,5,https://www.homedepot.com/p/CARRO-Essex-60-in-Dimmable-LED-Indoor-Outdoor-Black-Smart-Ceiling-Fan-with-Light-and-Remote-Works-with-Alexa-Google-Home-HS605J-L12-B5-1/322766786
248,,Hunter,Avenue 52 in. Indoor Noble Bronze Ceiling Fan With Light Kit,$149.00,23,https://www.homedepot.com/p/Hunter-Avenue-52-in-Indoor-Noble-Bronze-Ceiling-Fan-With-Light-Kit-51540/318472008
249,,,"32 in. LED Indoor White Small Ceiling Fan with Light and Remote and Quiet Reversible DC Motor, 3 CCT Light Kit",$89.69,2,https://www.homedepot.com/p/32-in-LED-Indoor-White-Small-Ceiling-Fan-with-Light-and-Remote-and-Quiet-Reversible-DC-Motor-3-CCT-Light-Kit-FL-LSEW-3WH32/327484664
250,,CARRO,"Voyager 52 in. Dimmable LED Indoor/Outdoor Black Smart Ceiling Fan with Light and Remote, Works with Alexa/Google Home",$189.00,29,https://www.homedepot.com/p/CARRO-Voyager-52-in-Dimmable-LED-Indoor-Outdoor-Black-Smart-Ceiling-Fan-with-Light-and-Remote-Works-with-Alexa-Google-Home-HS525B-L22-B2-1-FM/320292970
